"278176","TGGACTTGACATGCACTTGTAAGCCATAGAGATATGGCCCCTCTTCGGAGC","ICM_SMS_Bv6","SMS_0001_2007_09_19","Bacteria;Proteobacteria;Deltaproteobacteria;Desulfobacterales;Nitrospinaceae;Nitrospina","v6_DU318 v6_DU349 v6_DU400 v6_DU416","genus","2","0.000136008160489629","0.03900","FL6XCJ201ALT42","ICM_SMS_Bv6--SMS_0001_2007_09_19"
"306177","CGGAGAGACAGCAGAATGAAGGTCAAGCTGAAGACTTTACCAGACAAGCTGAG","ICM_SMS_Bv6","SMS_0001_2007_09_19","Archaea;Thaumarchaeota","v6_AE885 v6_AE944 v6_AE955","phylum","7","0.000476028561713702","0.00000","FL6XCJ201BJIND","ICM_SMS_Bv6--SMS_0001_2007_09_19"
"306435","CGGAGAGACAGCAGGATGAAGGTCAAGCTGAAGACTTTACCAGACAAGCTGAG","ICM_SMS_Bv6","SMS_0001_2007_09_19","Archaea;Thaumarchaeota","v6_AE895","phylum","1","0.000068004080244814","0.00000","FL6XCJ201DXCLS","ICM_SMS_Bv6--SMS_0001_2007_09_19"
"335111","TGGGTTTGACATGTAGGGAAAAGCCATAGAGATATGGTGTCCTTGGGCCCTACAC","ICM_SMS_Bv6","SMS_0001_2007_09_19","Bacteria;Actinobacteria;Acidimicrobiia;Acidimicrobiales","v6_AP532 v6_AP535 v6_AP556 v6_AP587","order","1","0.000068004080244814","0.03500","FL6XCJ201AOOEU","ICM_SMS_Bv6--SMS_0001_2007_09_19"
"335513","TGGGTTTGACATTTAGGGAAAAGCCATAGAGATATGGTGTCCTTGGGCCCTAAAC","ICM_SMS_Bv6","SMS_0001_2007_09_19","Bacteria;Actinobacteria;Acidimicrobiia;Acidimicrobiales","v6_AP543","order","1","0.000068004080244814","0.03500","FL6XCJ201AZWT4","ICM_SMS_Bv6--SMS_0001_2007_09_19"
"335780","TGGGTTTGACATGTCCGAAAAGCCATAGAGATATGGTGCCTTAGGGGCGGTACAC","ICM_SMS_Bv6","SMS_0001_2007_09_19","Bacteria;Actinobacteria;Acidimicrobiia;Acidimicrobiales","v6_AP287","order","1","0.000068004080244814","0.05300","FL6XCJ201C5S2S","ICM_SMS_Bv6--SMS_0001_2007_09_19"
"336121","AGCCCTTGACATCCCGATTTGAGGACAGAGATGGACTTCTTTCTTGGTCGGAGAC","ICM_SMS_Bv6","SMS_0001_2007_09_19","Bacteria;Proteobacteria;Alphaproteobacteria;Rhizobiales;Rhodobiaceae;Rhodobium","v6_DE828","genus","1","0.000068004080244814","0.01800","FL6XCJ201BH84K","ICM_SMS_Bv6--SMS_0001_2007_09_19"
"339217","TGGGTTTGACATGTACCGAAAAGCCATAGAGATATGGTGTCCTTGGGCGGTACAC","ICM_SMS_Bv6","SMS_0001_2007_09_19","Bacteria;Actinobacteria;Acidimicrobiia;Acidimicrobiales","v6_AP546","order","1","0.000068004080244814","0.01800","FL6XCJ201CT1GL","ICM_SMS_Bv6--SMS_0001_2007_09_19"
"339403","TGGGTTTGACATGTACGGAAAAGCCATAGAGATATGGTGTCCTTGGGCCGTACAC","ICM_SMS_Bv6","SMS_0001_2007_09_19","Bacteria;Actinobacteria;Acidimicrobiia;Acidimicrobiales","v6_AP291 v6_AP591","order","1","0.000068004080244814","0.03500","FL6XCJ201AMTTB","ICM_SMS_Bv6--SMS_0001_2007_09_19"
"339543","CGGCTTGACTGCAAGTGATCATCGGTGAAAGCCGATTTCCGCAAGGCACTTGTAG","ICM_SMS_Bv6","SMS_0001_2007_09_19","Bacteria;Acidobacteria","v6_AM492","phylum","1","0.000068004080244814","0.05300","FL6XCJ201BMSO5","ICM_SMS_Bv6--SMS_0001_2007_09_19"
